timestamp,title,price,original_price,shipping,item_url,discount_percentage
2025-11-02 13:00:16,,,,Shipping info unavailable,https://www.ebay.com/itm/384235550388?_trkparms=5373%3A5000014449%7C5374%3ATech%7C5079%3A5000014449,
2025-11-02 13:00:16,,29.99,29.99,Shipping info unavailable,,0.0
2025-11-02 13:00:17,Apple iPhone 14 128GB Unlocked - Excellent,310.95,310.95,Shipping info unavailable,https://www.ebay.com/itm/364506177072?_trkparms=5373%3A5000014449%7C5374%3ATech%7C5079%3A5000014449,0.0
2025-11-02 13:00:17,Lenovo Legion 5 15.1 OLED WQXGA 165HZ Gaming Notebook AMD Ryzen 7 260 16GB RAM,999.99,1399.99,Shipping info unavailable,https://www.ebay.com/itm/127210724599?_trkparms=5373%3A5000014449%7C5374%3ATech%7C5079%3A5000014449,28.57
2025-11-02 13:00:18,Samsung Galaxy Buds FE True Wireless Bluetooth Earbuds Graphite - Excellent,40.05,40.05,Shipping info unavailable,https://www.ebay.com/itm/285820041847?_trkparms=5373%3A5000014449%7C5374%3ATech%7C5079%3A5000014449,0.0
2025-11-02 13:00:19,Apple Watch Series 5 40mm 44mm GPS + WiFi + Cellular Pink Gold Space Gray Silver,84.99,84.99,Shipping info unavailable,https://www.ebay.com/itm/313943952880?_trkparms=5373%3A5000014449%7C5374%3ATech%7C5079%3A5000014449,0.0
2025-11-02 13:00:19,Sony WH-CH720N Noise Canceling Wireless Headphones,59.99,149.99,Shipping info unavailable,https://www.ebay.com/itm/314505929469?_trkparms=5373%3A5000014449%7C5374%3ATech%7C5079%3A5000014449,60.0
2025-11-02 13:00:20,Samsung Galaxy S21 5G SM-G991U1 128GB Unlocked Excellent,153.99,153.99,Shipping info unavailable,https://www.ebay.com/itm/354341990110?_trkparms=5373%3A5000014449%7C5374%3ATech%7C5079%3A5000014449,0.0
2025-11-02 13:00:20,Intel Core Ultra 9 Desktop Processor 285K - 24 cores (8 P-cores + 16 E-cores),529.99,599.99,Shipping info unavailable,https://www.ebay.com/itm/306007367634?_trkparms=5373%3A5000014449%7C5374%3ATech%7C5079%3A5000014449,11.67
2025-11-02 13:00:21,"Bose Solo Soundbar 2 Home Theater, Certified Refurbished",129.0,199.0,Shipping info unavailable,https://www.ebay.com/itm/167031735841?_trkparms=5373%3A5000014449%7C5374%3ATech%7C5079%3A5000014449,35.18
2025-11-02 13:00:22,"REDTIGER Dash Camera 4K Front and Rear Dash Cam Built-In WiFi & GPS, App control",64.49,129.49,Shipping info unavailable,https://www.ebay.com/itm/285933024479?_trkparms=5373%3A5000014449%7C5374%3ATech%7C5079%3A5000014449,50.2
2025-11-02 13:00:23,Apple iPhone 14 Pro 512GB Fully Unlocked - Excellent,515.99,515.99,Shipping info unavailable,https://www.ebay.com/itm/326649259659?_trkparms=5373%3A5000014449%7C5374%3ATech%7C5079%3A5000014449,0.0
2025-11-02 13:00:23,Apple iPhone 14 Pro Max 256GB Unlocked - Excellent,550.95,550.95,Shipping info unavailable,https://www.ebay.com/itm/386938357149?_trkparms=5373%3A5000014449%7C5374%3ATech%7C5079%3A5000014449,0.0
2025-11-02 13:00:24,Sony WH-1000XM5/B Wireless Industry Leading Noise Canceling Bluetooth Headphones,179.99,399.99,Shipping info unavailable,https://www.ebay.com/itm/314074071401?_trkparms=5373%3A5000014449%7C5374%3ATech%7C5079%3A5000014449,55.0
2025-11-02 13:00:25,NEW Nintendo Switch Lite 32GB Handheld Game Console + ✈️ FREE 2-DAY Shipping,189.95,189.95,Shipping info unavailable,https://www.ebay.com/itm/283834525231?_trkparms=5373%3A5000014449%7C5374%3ATech%7C5079%3A5000014449,0.0
2025-11-02 13:00:25,Apple AirPods Pro 2nd Generation Gen 2 2023 A2968 with Magsafe USB-C Charging,142.95,142.95,Shipping info unavailable,https://www.ebay.com/itm/285636515887?_trkparms=5373%3A5000014449%7C5374%3ATech%7C5079%3A5000014449,0.0
2025-11-02 13:00:26,"Proscan 10.1"" Tablet/Portable DVD Combo 2GB/32GB Multi-touch screen w/ HDMI",49.99,139.99,Shipping info unavailable,https://www.ebay.com/itm/364156102432?_trkparms=5373%3A5000014449%7C5374%3ATech%7C5079%3A5000014449,64.29
2025-11-02 13:00:26,DELL Latitude Laptop: Intel i5! 16GB RAM! 256GB SSD! Zorin Core Edition!,139.95,239.95,Shipping info unavailable,https://www.ebay.com/itm/116659802706?_trkparms=5373%3A5000014449%7C5374%3ATech%7C5079%3A5000014449,41.68
2025-11-02 13:00:27,NEW UNLOCKED SAMSUNG GALAXY S20+ PLUS 5G SM-G986U 128GB BLACK GRAY GSM+CDMA,198.88,198.88,Shipping info unavailable,https://www.ebay.com/itm/194520534603?_trkparms=5373%3A5000014449%7C5374%3ATech%7C5079%3A5000014449,0.0
2025-11-02 13:00:28,"Toshiba MG08ACP16TE 16TB 512MB 7200RPM SATA 6.0Gb/s 3.5"" Internal Enterprise HDD",239.99,239.99,Shipping info unavailable,https://www.ebay.com/itm/167745461033?_trkparms=5373%3A5000014449%7C5374%3ATech%7C5079%3A5000014449,0.0
2025-11-02 13:00:28,Apple iPhone 16 Plus 256GB Unlocked AT&T T-Mobile Verizon Excellent Condition,669.95,669.95,Shipping info unavailable,https://www.ebay.com/itm/305910464635?_trkparms=5373%3A5000014449%7C5374%3ATech%7C5079%3A5000014468,0.0
2025-11-02 13:00:29,Samsung Galaxy S23 SM-S911U1 5G 128G 256GB Black Cream Green Unlocked,279.0,279.0,Shipping info unavailable,https://www.ebay.com/itm/126980765750?_trkparms=5373%3A5000014449%7C5374%3ATech%7C5079%3A5000014468,0.0
2025-11-02 13:00:29,Samsung Galaxy S22 Ultra 512GB S908U Unlocked - Very Good,316.99,316.99,Shipping info unavailable,https://www.ebay.com/itm/256483219243?_trkparms=5373%3A5000014449%7C5374%3ATech%7C5079%3A5000014468,0.0
2025-11-02 13:00:30,Apple iPhone 11 - 64GB 128GB 256GB - All Colors - Good Condition,160.0,160.0,Shipping info unavailable,https://www.ebay.com/itm/275302165013?_trkparms=5373%3A5000014449%7C5374%3ATech%7C5079%3A5000014468,0.0
2025-11-02 13:00:31,,,,Shipping info unavailable,https://www.ebay.com/globaldeals/tech/cell-phones/all,
2025-11-02 13:00:31,2025 Apple MacBook Air 13-inch M4 Chip 16GB RAM 512GB SSD Midnight MW133LL/A,899.0,899.0,Shipping info unavailable,https://www.ebay.com/itm/277116501953?_trkparms=5373%3A5000014449%7C5374%3ATech%7C5079%3A5000014452,0.0
2025-11-02 13:00:31,"2019 Apple MacBook Pro 16"" i7 2.6GHz/16GB/512GB (Space Gray) A2141 - w/Warranty",389.67,2399.0,Shipping info unavailable,https://www.ebay.com/itm/374766179675?_trkparms=5373%3A5000014449%7C5374%3ATech%7C5079%3A5000014452,83.76
2025-11-02 13:00:32,"HP Victus 15.6"" FHD 144Hz Gaming Laptop i7-13620H 16GB RAM 512GB SSD RTX 5060",949.99,1459.99,Shipping info unavailable,https://www.ebay.com/itm/297426192688?_trkparms=5373%3A5000014449%7C5374%3ATech%7C5079%3A5000014452,34.93
2025-11-02 13:00:33,"Apple Macbook Pro 14"" 2021 M1 Pro 512GB 16GB RAM Space Gray - Very Good",733.99,733.99,Shipping info unavailable,https://www.ebay.com/itm/157358175274?_trkparms=5373%3A5000014449%7C5374%3ATech%7C5079%3A5000014452,0.0
2025-11-02 13:00:33,,,,Shipping info unavailable,https://www.ebay.com/globaldeals/tech/laptops-netbooks/all,
2025-11-02 13:00:34,Canon EOS R50 Mirrorless Camera Black + 3 Lens Kit 18-45mm + 32GB + Flash & More,789.95,1054.95,Shipping info unavailable,https://www.ebay.com/itm/336181434990?_trkparms=5373%3A5000014449%7C5374%3ATech%7C5079%3A5000014464,25.12
2025-11-02 13:00:34,Canon EOS R100 Mirrorless Digital Camera with RF-S 18-45mm IS STM Lens,549.95,649.0,Shipping info unavailable,https://www.ebay.com/itm/336086105423?_trkparms=5373%3A5000014449%7C5374%3ATech%7C5079%3A5000014464,15.26
2025-11-02 13:00:35,Canon EF 200mm f2.8 L II USM Lens #Q,400.7,430.86,Shipping info unavailable,https://www.ebay.com/itm/146853896899?_trkparms=5373%3A5000014449%7C5374%3ATech%7C5079%3A5000014464,7.0
2025-11-02 13:00:36,Canon PowerShot G7x Mark II 20.1MP Digital Camera 4.2x Optical Zoom Full-HD,1499.95,1499.95,Shipping info unavailable,https://www.ebay.com/itm/222147497689?_trkparms=5373%3A5000014449%7C5374%3ATech%7C5079%3A5000014464,0.0
2025-11-02 13:00:36,,,,Shipping info unavailable,https://www.ebay.com/globaldeals/tech/cameras-photo/all,
2025-11-02 13:00:36,4K Mini Projector HY300 720P WiFi6 Bluetooth BT5.0 Cinema Portable Home Theaters,58.57,65.08,Free shipping,https://www.ebay.com/itm/126880579034?_trkparms=5373%3A5000014449%7C5374%3ATech%7C5079%3A5000014481,10.0
2025-11-02 13:00:37,"Bose TV Speaker Home Theater Soundbar, Certified Refurbished",159.0,279.0,Shipping info unavailable,https://www.ebay.com/itm/184706040293?_trkparms=5373%3A5000014449%7C5374%3ATech%7C5079%3A5000014481,43.01
2025-11-02 13:00:37,Originale LG TV Fernbedienung für AN-MR22GA | MR22GA,29.19,29.19,Shipping info unavailable,https://www.ebay.com/itm/364970533033?_trkparms=5373%3A5000014449%7C5374%3ATech%7C5079%3A5000014481,0.0
2025-11-02 13:00:38,SPANA viark renovar todo tipo Renovar Servidor iks viark sat deco viark expira,58.0,58.0,Free shipping,https://www.ebay.com/itm/355931625894?_trkparms=5373%3A5000014449%7C5374%3ATech%7C5079%3A5000014481,0.0
2025-11-02 13:00:38,,,,Shipping info unavailable,https://www.ebay.com/globaldeals/tech/tv-video-home-audio/all,
2025-11-02 13:00:38,"Apple iPad Air 10.9"" 4th Gen, 256GB, Wi-Fi - Gray - Very Good - 1 YEAR WARRANTY",289.85,699.0,Shipping info unavailable,https://www.ebay.com/itm/174772394299?_trkparms=5373%3A5000014449%7C5374%3ATech%7C5079%3A5000014454,58.53
2025-11-02 13:00:39,"Apple iPad Air 10.9"" 4th Gen, 256GB, Wi-Fi - Blue - Very Good - 1 YEAR WARRANTY",289.85,699.0,Shipping info unavailable,https://www.ebay.com/itm/174772399416?_trkparms=5373%3A5000014449%7C5374%3ATech%7C5079%3A5000014454,58.53
2025-11-02 13:00:40,"Apple iPad Air 10.9"" 4th Gen, 256GB, Wi-Fi - Space Gray - Good - 1 YEAR WARRANTY",269.85,599.0,Shipping info unavailable,https://www.ebay.com/itm/203808716035?_trkparms=5373%3A5000014449%7C5374%3ATech%7C5079%3A5000014454,54.95
2025-11-02 13:00:41,"Apple iPad 10.2"" 9th Gen, 64GB, Wi-Fi - Gray - Very Good - 1 YEAR WARRANTY",156.26,399.0,Shipping info unavailable,https://www.ebay.com/itm/185243247562?_trkparms=5373%3A5000014449%7C5374%3ATech%7C5079%3A5000014454,60.84
2025-11-02 13:00:42,,,,Shipping info unavailable,https://www.ebay.com/globaldeals/tech/ipads-tablets-ereaders/all,
2025-11-02 13:00:42,RULE OF ROSE PS2 NEW SEALED UK VERSION PLAYSTATION 2 WATA CGC UKG RGS GRADED PAL,225.06,225.06,Free shipping,https://www.ebay.com/itm/286076527146?_trkparms=5373%3A5000014449%7C5374%3ATech%7C5079%3A5000014470,0.0
2025-11-02 13:00:42,Logitech G29/G923 F1 Open Wheel Mod 8+ Colours,51.94,51.94,Shipping info unavailable,https://www.ebay.com/itm/396123066522?_trkparms=5373%3A5000014449%7C5374%3ATech%7C5079%3A5000014470,0.0
2025-11-02 13:00:43,Sony PS1 PlayStation 1 Console SCPH-7000 Boxed With Manual 6 Games Japanese,135.6,142.73,Shipping info unavailable,https://www.ebay.com/itm/387517188421?_trkparms=5373%3A5000014449%7C5374%3ATech%7C5079%3A5000014470,5.0
2025-11-02 13:00:43,GBA SP Housing Cover Case For Gameboy Advance SP Shell Limited Edition DIY New,21.4,21.4,Free shipping,https://www.ebay.com/itm/236097001497?_trkparms=5373%3A5000014449%7C5374%3ATech%7C5079%3A5000014470,0.0
2025-11-02 13:00:44,,,,Shipping info unavailable,https://www.ebay.com/globaldeals/tech/video-games-consoles/all,
2025-11-02 13:00:44,Samsung Galaxy Buds2 Pro R510 - Good,39.99,39.99,Shipping info unavailable,https://www.ebay.com/itm/256411723549?_trkparms=5373%3A5000014449%7C5374%3ATech%7C5079%3A5000014474,0.0
2025-11-02 13:00:44,Apple AirPods Pro (2nd Generation) with MagSafe Wireless Charging Case (USB-C),144.75,144.75,Shipping info unavailable,https://www.ebay.com/itm/266012284550?_trkparms=5373%3A5000014449%7C5374%3ATech%7C5079%3A5000014474,0.0
2025-11-02 13:00:45,Apple AirPods with USB-C Charging Case 4th Generation White MXP63LLA,94.99,149.99,Shipping info unavailable,https://www.ebay.com/itm/365506999272?_trkparms=5373%3A5000014449%7C5374%3ATech%7C5079%3A5000014474,36.67
2025-11-02 13:00:46,Anker 3-in-1 MagSafe Charger Stand Foldable Cube 15W Qi2 for Apple Watch/iPhone,67.5,129.99,Shipping info unavailable,https://www.ebay.com/itm/388451705146?_trkparms=5373%3A5000014449%7C5374%3ATech%7C5079%3A5000014474,48.07
2025-11-02 13:00:46,,,,Shipping info unavailable,https://www.ebay.com/globaldeals/tech/phone-cases-accessories/all,
2025-11-02 13:00:47,REDTIGER F7NP 4K Dual Dash Camera Front and Rear Dash Cam WiFi with Hardwire Kit,75.99,135.99,Shipping info unavailable,https://www.ebay.com/itm/285750006733?_trkparms=5373%3A5000014449%7C5374%3ATech%7C5079%3A5000014450,44.12
2025-11-02 13:00:47,WOLFBOX G840S 12”Mirror Dash Cam 4K Rear View Mirror Dash Camera Front and Rear,64.99,114.99,Shipping info unavailable,https://www.ebay.com/itm/225914453447?_trkparms=5373%3A5000014449%7C5374%3ATech%7C5079%3A5000014450,43.48
2025-11-02 13:00:48,REDTIGER 4K Dual Dash Camera Front and Rear Dash Cam WIFI&GPS With 32GB SD Card,64.49,64.49,Shipping info unavailable,https://www.ebay.com/itm/285048811662?_trkparms=5373%3A5000014449%7C5374%3ATech%7C5079%3A5000014450,0.0
2025-11-02 13:00:49,REDTIGER 4K Dash Cam Front and Rear Dual Dash Camera WIFI&GPS With 32GB SD Card,64.49,129.49,Shipping info unavailable,https://www.ebay.com/itm/285048811560?_trkparms=5373%3A5000014449%7C5374%3ATech%7C5079%3A5000014450,50.2
2025-11-02 13:00:49,,,,Shipping info unavailable,https://www.ebay.com/globaldeals/tech/vehicle-electronics-gps/all,
2025-11-02 13:00:49,Netac M.2 2280 500GB 1TB NVMe PCIe4.0 Gen 4x4 Internal SSD with HeatSink for PC,69.0,69.0,Shipping info unavailable,https://www.ebay.com/itm/314521249683?_trkparms=5373%3A5000014449%7C5374%3ATech%7C5079%3A5000014456,0.0
2025-11-02 13:00:50,"Seagate EXOS X16 16TB 256MB 7200rpm 3.5"" SATA 6Gb/s Enterprise HDD ST16000NM001G",249.99,249.99,Shipping info unavailable,https://www.ebay.com/itm/175804626117?_trkparms=5373%3A5000014449%7C5374%3ATech%7C5079%3A5000014456,0.0
2025-11-02 13:00:50,"Seagate Exos 28TB 7.2K RPM SATA 6Gb/s 3.5"" Enterprise HDD - ST28000NM000C",398.99,499.99,Shipping info unavailable,https://www.ebay.com/itm/296879436001?_trkparms=5373%3A5000014449%7C5374%3ATech%7C5079%3A5000014456,20.2
2025-11-02 13:00:51,Seagate 12TB ST12000NM007G Exos X16 7200RPM SATA 6Gb/s 256MB 3.5Inch Hard Drive,209.99,209.99,Shipping info unavailable,https://www.ebay.com/itm/177350466765?_trkparms=5373%3A5000014449%7C5374%3ATech%7C5079%3A5000014456,0.0
2025-11-02 13:00:52,,,,Shipping info unavailable,https://www.ebay.com/globaldeals/tech/memory-drives-storage/all,
2025-11-02 13:00:52,2 CARTUCCE HP 305XL 1 BK + 1 TRICOLOR ORIGINALI 3YM62AE + 3YM63AE,50.67,50.67,Shipping info unavailable,https://www.ebay.com/itm/133522301464?_trkparms=5373%3A5000014449%7C5374%3ATech%7C5079%3A5000014472,0.0
2025-11-02 13:00:52,Original Brother MultiPack LC970 4er Set Tintenpatronen Druckerpatronen o.V.,51.9,51.9,Shipping info unavailable,https://www.ebay.com/itm/293616220860?_trkparms=5373%3A5000014449%7C5374%3ATech%7C5079%3A5000014472,0.0
2025-11-02 13:00:53,Original HP 21 XL schwarz C9351C ca. 475 Seiten OVP DATUM 2022-2023,57.68,57.68,Shipping info unavailable,https://www.ebay.com/itm/296451065056?_trkparms=5373%3A5000014449%7C5374%3ATech%7C5079%3A5000014472,0.0
2025-11-02 13:00:53,Original HP 21 XL schwarz DeskJet F370 F375 F390 F2180 F2280 F2290 F4140 F4180,57.68,57.68,Shipping info unavailable,https://www.ebay.com/itm/297090495143?_trkparms=5373%3A5000014449%7C5374%3ATech%7C5079%3A5000014472,0.0
2025-11-02 13:00:54,,,,Shipping info unavailable,https://www.ebay.com/globaldeals/tech/printers-printer-supplies/all,
2025-11-02 13:00:54,Speaker Case Dust Cover Storage Bag Protective Bag for JBL PartyBox 310-320,36.37,36.37,Shipping info unavailable,https://www.ebay.com/itm/157187749491?_trkparms=5373%3A5000014449%7C5374%3ATech%7C5079%3A5000014460,0.0
2025-11-02 13:00:55,Samsung Galaxy Buds2 PRO Wireless SM-R510 Left Side Graphite (L)--Excellent,29.24,29.24,Shipping info unavailable,https://www.ebay.com/itm/296253152925?_trkparms=5373%3A5000014449%7C5374%3ATech%7C5079%3A5000014460,0.0
2025-11-02 13:00:55,Apple iPod Shuffle 4th 5th 6th Generation 2GB - Brand New Battery FREE SHIPPING,57.09,57.09,Shipping info unavailable,https://www.ebay.com/itm/175136106119?_trkparms=5373%3A5000014449%7C5374%3ATech%7C5079%3A5000014460,0.0
2025-11-02 13:00:56,Anker Soundcore 2 Wireless Bluetooth Speaker Bass Dual-Driver IPX7 12W|Refurbish,27.99,44.99,Shipping info unavailable,https://www.ebay.com/itm/384702107204?_trkparms=5373%3A5000014449%7C5374%3ATech%7C5079%3A5000014460,37.79
2025-11-02 13:00:56,,,,Shipping info unavailable,https://www.ebay.com/globaldeals/tech/headphones-portable-audio/all,
2025-11-02 13:00:57,Canon EF 200mm f2.8 L II USM Lens #Q,400.7,430.86,Shipping info unavailable,https://www.ebay.com/itm/146853896899?_trkparms=5373%3A5000014449%7C5374%3ATech%7C5079%3A5000014476,7.0
2025-11-02 13:00:57,Nikon FTZ II Mount Adapter,219.95,249.95,Shipping info unavailable,https://www.ebay.com/itm/225049340356?_trkparms=5373%3A5000014449%7C5374%3ATech%7C5079%3A5000014476,12.0
2025-11-02 13:00:58,Canon RF 24-70mm f/2.8L IS USM Lens,2099.95,2299.0,Shipping info unavailable,https://www.ebay.com/itm/324021848741?_trkparms=5373%3A5000014449%7C5374%3ATech%7C5079%3A5000014476,8.66
2025-11-02 13:00:59,Fujifilm XF 16-80mm f/4 R OIS WR Lens,549.95,799.0,Shipping info unavailable,https://www.ebay.com/itm/326577238364?_trkparms=5373%3A5000014449%7C5374%3ATech%7C5079%3A5000014476,31.17
2025-11-02 13:00:59,,,,Shipping info unavailable,https://www.ebay.com/globaldeals/tech/lenses-filters/all,
2025-11-02 13:00:59,4K Mini Projector HY300 720P WiFi6 Bluetooth BT5.0 Cinema Portable Home Theaters,58.57,65.08,Free shipping,https://www.ebay.com/itm/126880579034?_trkparms=5373%3A5000014449%7C5374%3ATech%7C5079%3A5000014488,10.0
2025-11-02 13:01:00,REDTIGER F7NP 4K Dual Dash Camera Front and Rear Dash Cam WiFi with Hardwire Kit,75.99,135.99,Shipping info unavailable,https://www.ebay.com/itm/285750006733?_trkparms=5373%3A5000014449%7C5374%3ATech%7C5079%3A5000014488,44.12
2025-11-02 13:01:01,Speaker Case Dust Cover Storage Bag Protective Bag for JBL PartyBox 310-320,36.37,36.37,Shipping info unavailable,https://www.ebay.com/itm/157187749491?_trkparms=5373%3A5000014449%7C5374%3ATech%7C5079%3A5000014488,0.0
2025-11-02 13:01:02,GME Universal Antenna Base (27Mhz & 477 Mhz Uhf) 4.5M Low Foss Foam (ABL001),25.98,28.87,Shipping info unavailable,https://www.ebay.com/itm/256189684554?_trkparms=5373%3A5000014449%7C5374%3ATech%7C5079%3A5000014488,10.01
2025-11-02 13:01:03,,,,Shipping info unavailable,https://www.ebay.com/globaldeals/tech/more-consumer-electronics/all,
2025-11-02 13:01:03,Apple Pencil (USB-C) - White Stylus MUWA3AM/A with Pixel-Perfect Precision,51.75,79.0,Shipping info unavailable,https://www.ebay.com/itm/296262723993?_trkparms=5373%3A5000014449%7C5374%3ATech%7C5079%3A5000014478,34.49
2025-11-02 13:01:05,Apple Pencil 2nd Generation - WHITE MU8F2AM/A,99.0,166.14,Shipping info unavailable,https://www.ebay.com/itm/167513764416?_trkparms=5373%3A5000014449%7C5374%3ATech%7C5079%3A5000014478,40.41
2025-11-02 13:01:05,"Arabic Apple Magic Keyboard for M4 iPad Pro 11"" MWR03AB/A (White) - Open Box",175.77,299.0,Shipping info unavailable,https://www.ebay.com/itm/146882476180?_trkparms=5373%3A5000014449%7C5374%3ATech%7C5079%3A5000014478,41.21
2025-11-02 13:01:06,Apple Pencil 1st Gen USB-C to Apple Pencil Adapter MYQW3AM/A - WHITE,69.66,132.35,Shipping info unavailable,https://www.ebay.com/itm/167638292641?_trkparms=5373%3A5000014449%7C5374%3ATech%7C5079%3A5000014478,47.37
2025-11-02 13:01:07,,,,Shipping info unavailable,https://www.ebay.com/globaldeals/tech/computer-accessories/all,
2025-11-02 13:01:07,Apple Watch Series 10 42mm (GPS + Cellular) Aluminum Case - Excellent,259.99,259.99,Shipping info unavailable,https://www.ebay.com/itm/256835722067?_trkparms=5373%3A5000014449%7C5374%3ATech%7C5079%3A5000014466,0.0
2025-11-02 13:01:07,Apple iPhone 16 Plus 256GB Unlocked AT&T T-Mobile Verizon Excellent Condition,669.95,669.95,Shipping info unavailable,https://www.ebay.com/itm/305910464635?_trkparms=5373%3A5000014449%7C5374%3ATech%7C5079%3A5000014466,0.0
2025-11-02 13:01:08,Samsung Galaxy S23 SM-S911U1 5G 128G 256GB Black Cream Green Unlocked,279.0,279.0,Shipping info unavailable,https://www.ebay.com/itm/126980765750?_trkparms=5373%3A5000014449%7C5374%3ATech%7C5079%3A5000014466,0.0
2025-11-02 13:01:08,Samsung Galaxy S22 Ultra 512GB S908U Unlocked - Very Good,316.99,316.99,Shipping info unavailable,https://www.ebay.com/itm/256483219243?_trkparms=5373%3A5000014449%7C5374%3ATech%7C5079%3A5000014466,0.0
2025-11-02 13:01:09,,,,Shipping info unavailable,https://www.ebay.com/globaldeals/tech/more-cell-phones-accessories/all,
2025-11-02 13:01:09,Netac M.2 2280 500GB 1TB NVMe PCIe4.0 Gen 4x4 Internal SSD with HeatSink for PC,69.0,69.0,Shipping info unavailable,https://www.ebay.com/itm/314521249683?_trkparms=5373%3A5000014449%7C5374%3ATech%7C5079%3A5000014490,0.0
2025-11-02 13:01:10,2 CARTUCCE HP 305XL 1 BK + 1 TRICOLOR ORIGINALI 3YM62AE + 3YM63AE,50.67,50.67,Shipping info unavailable,https://www.ebay.com/itm/133522301464?_trkparms=5373%3A5000014449%7C5374%3ATech%7C5079%3A5000014490,0.0
2025-11-02 13:01:10,"AVG ULTIMATE 2025 10 PC 2 Jahre | TuneUp, Internet Security, VPN, Antitrack | UE",27.64,56.54,Free shipping,https://www.ebay.com/itm/122784107248?_trkparms=5373%3A5000014449%7C5374%3ATech%7C5079%3A5000014490,51.11
2025-11-02 13:01:11,RTL-SDR Blog V4 RTL2832 1PPM TCXO HF BiasT SMA Software Defined Radio + Antennas,44.95,44.95,Free shipping,https://www.ebay.com/itm/276000566513?_trkparms=5373%3A5000014449%7C5374%3ATech%7C5079%3A5000014490,0.0
2025-11-02 13:01:11,,,,Shipping info unavailable,https://www.ebay.com/globaldeals/tech/more-computer-accessories/all,
2025-11-02 13:09:01,Samsung Galaxy S23 128GB S911U Unlocked - Good,204.99,204.99,Shipping info unavailable,https://www.ebay.com/itm/256372465052?_trkparms=5373%3A5000014449%7C5374%3ATech%7C5079%3A5000014468,0.0
2025-11-02 13:09:04,"Apple Macbook Pro 14"" 2021 M1 Pro 512GB 16GB RAM Silver - Very Good",733.99,733.99,Shipping info unavailable,https://www.ebay.com/itm/167826954889?_trkparms=5373%3A5000014449%7C5374%3ATech%7C5079%3A5000014452,0.0
2025-11-02 13:09:08,Sony ZV-E10 Camera Body Black + 3 Lens Kit 16-50mm OSS + 32GB + Flash & More,849.95,879.95,Shipping info unavailable,https://www.ebay.com/itm/224636358729?_trkparms=5373%3A5000014449%7C5374%3ATech%7C5079%3A5000014464,3.41
2025-11-02 13:09:10,"Apple TV 4K 3rd Gen. 64GB Media Streamer - Black, Wi-Fi MN873LL/A - Very Good",96.85,101.95,Shipping info unavailable,https://www.ebay.com/itm/286829353298?_trkparms=5373%3A5000014449%7C5374%3ATech%7C5079%3A5000014481,5.0
2025-11-02 13:09:14,"Samsung Galaxy Tab S7 FE 5G T738U 12.4"" 64GB Mystic Black (AT&T) - Very Good",211.99,211.99,Shipping info unavailable,https://www.ebay.com/itm/166590413369?_trkparms=5373%3A5000014449%7C5374%3ATech%7C5079%3A5000014454,0.0
2025-11-02 13:09:17,"Microsoft Xbox Wireless Controller For Xbox Series X / S, Xbox One & Windows PC",43.49,43.49,Shipping info unavailable,https://www.ebay.com/itm/275287871839?_trkparms=5373%3A5000014449%7C5374%3ATech%7C5079%3A5000014470,0.0
2025-11-02 13:09:20,Samsung Galaxy Buds 3 Pro AI Wireless Active Noise Cancelling Earbuds - Silver,104.95,104.95,Shipping info unavailable,https://www.ebay.com/itm/286661893859?_trkparms=5373%3A5000014449%7C5374%3ATech%7C5079%3A5000014474,0.0
2025-11-02 13:09:24,"REDTIGER F17 4K Dash Cam 5G WiFi 3 Channel ,Front and Rear Inside, 64GB SD Card",89.89,149.89,Shipping info unavailable,https://www.ebay.com/itm/285949275839?_trkparms=5373%3A5000014449%7C5374%3ATech%7C5079%3A5000014450,40.03
2025-11-02 13:09:26,"Seagate IronWolf 12TB 7200RPM SATA 6Gb/s 256MB 3.5"" NAS Hard Drive ST12000VN0007",219.99,219.99,Shipping info unavailable,https://www.ebay.com/itm/166672350380?_trkparms=5373%3A5000014449%7C5374%3ATech%7C5079%3A5000014456,0.0
2025-11-02 13:09:29,Original HP 301XL color OfficeJet 2620 2622 2624 4630 e-AiO DATUM 08/2019,46.13,46.13,Shipping info unavailable,https://www.ebay.com/itm/296946807876?_trkparms=5373%3A5000014449%7C5374%3ATech%7C5079%3A5000014472,0.0
2025-11-02 13:09:31,"Harman Kardon FLY TWS, True Wireless in-ear headphones",112.46,112.46,Shipping info unavailable,https://www.ebay.com/itm/157278995049?_trkparms=5373%3A5000014449%7C5374%3ATech%7C5079%3A5000014460,0.0
2025-11-02 13:09:34,Canon RF 24-70mm f/2.8L IS USM Lens + Deluxe Accessory Kit,2119.95,2324.95,Shipping info unavailable,https://www.ebay.com/itm/333489959066?_trkparms=5373%3A5000014449%7C5374%3ATech%7C5079%3A5000014476,8.82
2025-11-02 13:09:37,Samsung Galaxy Buds2 PRO Wireless SM-R510 Left Side Graphite (L)--Excellent,29.24,29.24,Shipping info unavailable,https://www.ebay.com/itm/296253152925?_trkparms=5373%3A5000014449%7C5374%3ATech%7C5079%3A5000014488,0.0
2025-11-02 13:09:38,[PREORDER 27.10.2025] SUPERMAN 4K UHD + Blu-ray Steelbook Limited Edition,80.68,80.68,Shipping info unavailable,https://www.ebay.com/itm/357450652311?_trkparms=5373%3A5000014449%7C5374%3ATech%7C5079%3A5000014458,0.0
2025-11-02 13:09:38,SHOAH Vol. 1 .2. 3. 4 FULL SET (1985) / Claude Lanzmann [DVD],25.0,25.0,Shipping info unavailable,https://www.ebay.com/itm/276073457964?_trkparms=5373%3A5000014449%7C5374%3ATech%7C5079%3A5000014458,0.0
2025-11-02 13:09:41,New Dell WD22TB4 Universal Docking Station with 180W AC Adapter,219.0,369.0,Shipping info unavailable,https://www.ebay.com/itm/116523722920?_trkparms=5373%3A5000014449%7C5374%3ATech%7C5079%3A5000014478,40.65
2025-11-02 13:09:44,Apple iPhone 11 - 64GB 128GB 256GB - All Colors - Good Condition,160.0,160.0,Shipping info unavailable,https://www.ebay.com/itm/275302165013?_trkparms=5373%3A5000014449%7C5374%3ATech%7C5079%3A5000014466,0.0
2025-11-02 13:09:46,"Seagate EXOS X16 16TB 256MB 7200rpm 3.5"" SATA 6Gb/s Enterprise HDD ST16000NM001G",249.99,249.99,Shipping info unavailable,https://www.ebay.com/itm/175804626117?_trkparms=5373%3A5000014449%7C5374%3ATech%7C5079%3A5000014490,0.0
2025-11-02 11:18:12,Apple Watch Series 10 46mm GPS + WiFi + Cellular Unlocked Aluminum - Excellent,284.79,599.99,Free shipping,https://www.ebay.com/itm/316169970498?_trkparms=5373%3A5000006400%7C5374%3ATech%7C5079%3A5000006400,52.53
2025-11-02 11:18:13,Apple iPhone 15 Pro A2848 256GB Unlocked - Very Good Condition,536.99,1199.99,Shipping info unavailable,https://www.ebay.com/itm/356227813818?_trkparms=5373%3A5000006400%7C5374%3ATech%7C5079%3A5000006400,55.25
2025-11-02 11:18:13,,536.99,536.99,Shipping info unavailable,https://www.ebay.com/deals/trending/tech,0.0
2025-11-02 11:18:13,"Acer 15.6"" Portable Monitor FHD 1920x1080 60Hz Black PM161Q Very Good Condition",37.71,99.99,Shipping info unavailable,https://www.ebay.com/itm/277333168153?_trkparms=5373%3A5000006400%7C5374%3ATech%7C5079%3A5000006400,62.29
2025-11-02 11:18:13,"Acer 15.6i"" Portable Monitor FullHD 1920x1080 IPS 5ms 60Hz Very Good Condition",40.47,139.99,Shipping info unavailable,https://www.ebay.com/itm/267229717756?_trkparms=5373%3A5000006400%7C5374%3ATech%7C5079%3A5000006400,71.09
2025-11-02 11:18:14,Apple iPhone 13 A2482 128GB - Fully Unlocked- Black & Blue - Very Good Condition,265.0,265.0,Free shipping,https://www.ebay.com/itm/127083143769?_trkparms=5373%3A5000006400%7C5374%3ATech%7C5079%3A5000006400,0.0
2025-11-02 11:18:14,Apple iPhone 15 Pro Max A2849 256GB Unlocked Very Good,614.99,1299.99,Shipping info unavailable,https://www.ebay.com/itm/356227859677?_trkparms=5373%3A5000006400%7C5374%3ATech%7C5079%3A5000006400,52.69
2025-11-02 11:18:14,"Lenovo Legion 5 15.1"" OLED WQXGA 165HZ RTX 5060 AMD Ryzen 7 260 Gaming Laptop",999.99,1399.99,Free shipping,https://www.ebay.com/itm/127210724599?_trkparms=5373%3A5000006400%7C5374%3ATech%7C5079%3A5000006400,28.57
2025-11-02 11:18:15,"Acer 31.5"" Nitro Curved Monitor LED WQHD 144Hz 1 ms 2560x1440 XZ322QU V3bmiiphx",121.43,249.99,Shipping info unavailable,https://www.ebay.com/itm/256547414823?_trkparms=5373%3A5000006400%7C5374%3ATech%7C5079%3A5000006400,51.43
2025-11-02 11:18:15,Apple iPhone 16 Plus 128GB Unlocked Very Good Condition,602.99,1399.99,Shipping info unavailable,https://www.ebay.com/itm/356605671415?_trkparms=5373%3A5000006400%7C5374%3ATech%7C5079%3A5000006400,56.93
2025-11-02 11:18:15,Apple iPhone 14 Pro Max 512GB Unlocked Very Good Condition,509.99,949.99,Shipping info unavailable,https://www.ebay.com/itm/356344723615?_trkparms=5373%3A5000006400%7C5374%3ATech%7C5079%3A5000006400,46.32
2025-11-02 11:18:16,Apple iPhone 16 Pro 128GB Unlocked Very Good Condition,664.99,1399.99,Shipping info unavailable,https://www.ebay.com/itm/356605660694?_trkparms=5373%3A5000006400%7C5374%3ATech%7C5079%3A5000006400,52.5
2025-11-02 11:18:16,Apple 1st Gen AirPods Pro Genuine Replacement Right or Left or Charging Case,37.99,37.99,Free shipping,https://www.ebay.com/itm/133684947904?_trkparms=5373%3A5000006400%7C5374%3ATech%7C5079%3A5000006400,0.0
2025-11-02 11:18:16,Apple iPhone 13 A2482 128GB Network Unlocked Very Good Condition,272.99,599.99,Shipping info unavailable,https://www.ebay.com/itm/354393355064?_trkparms=5373%3A5000006400%7C5374%3ATech%7C5079%3A5000006400,54.5
2025-11-02 11:18:16,Samsung Galaxy S22 Ultra 512GB S908U Unlocked - Very Good,316.99,1299.0,Shipping info unavailable,https://www.ebay.com/itm/256483219243?_trkparms=5373%3A5000006400%7C5374%3ATech%7C5079%3A5000006400,75.6
2025-11-02 11:18:17,Apple iPhone 14 Pro 256GB Unlocked AT&T T-Mobile Verizon Very Good Condition,417.95,1099.0,Shipping info unavailable,https://www.ebay.com/itm/304844638896?_trkparms=5373%3A5000006400%7C5374%3ATech%7C5079%3A5000006400,61.97
2025-11-02 11:18:17,"Apple iPhone 14 Plus 6.7"" Unlocked 128GB - (Midnight) A2632 w/1 Year Warranty",319.0,899.0,Shipping info unavailable,https://www.ebay.com/itm/145967070949?_trkparms=5373%3A5000006400%7C5374%3ATech%7C5079%3A5000006400,64.52
2025-11-02 11:18:17,Samsung Galaxy S22 Ultra 256GB S908U Unlocked - Good,299.99,299.99,Free shipping,https://www.ebay.com/itm/256459409583?_trkparms=5373%3A5000006400%7C5374%3ATech%7C5079%3A5000006400,0.0
2025-11-02 11:18:18,Apple iPad 8 10.2in 32GB - WiFi Only - Good,100.0,199.0,Shipping info unavailable,https://www.ebay.com/itm/133977554153?_trkparms=5373%3A5000006400%7C5374%3ATech%7C5079%3A5000006400,49.75
2025-11-02 11:18:18,Samsung Galaxy S22 S901 128GB Unlocked - Excellent,163.95,1199.99,Shipping info unavailable,https://www.ebay.com/itm/364498823740?_trkparms=5373%3A5000006400%7C5374%3ATech%7C5079%3A5000006400,86.34
2025-11-02 11:18:18,Skullcandy SESH ANC Wireless 2 PACK (Certified Refurb)-BLACK,26.99,69.99,Shipping info unavailable,https://www.ebay.com/itm/375270240570?_trkparms=5373%3A5000006400%7C5374%3ATech%7C5079%3A5000006400,61.44
2025-11-02 11:18:18,Samsung Galaxy S24 Ultra 512GB S928U Unlocked - Good,581.99,1419.99,Shipping info unavailable,https://www.ebay.com/itm/256652847329?_trkparms=5373%3A5000006400%7C5374%3ATech%7C5079%3A5000006400,59.01
2025-11-02 11:18:19,"Apple iPad 9th Gen - WiFi Only - 64GB - 10.2"" - Good",145.0,329.0,Shipping info unavailable,https://www.ebay.com/itm/166317726715?_trkparms=5373%3A5000006400%7C5374%3ATech%7C5079%3A5000006400,55.93
2025-11-02 11:18:19,Samsung Galaxy S22 Plus S906 256GB Unlocked - Excellent,212.95,1049.99,Shipping info unavailable,https://www.ebay.com/itm/405287989392?_trkparms=5373%3A5000006400%7C5374%3ATech%7C5079%3A5000006400,79.72
2025-11-02 11:18:19,Apple iPhone 14 Pro 256GB Unlocked AT&T T-Mobile Verizon Excellent Condition,444.95,1099.0,Shipping info unavailable,https://www.ebay.com/itm/295571543510?_trkparms=5373%3A5000006400%7C5374%3ATech%7C5079%3A5000006400,59.51
2025-11-02 11:18:20,Apple iPhone 12 128GB - Fully Unlocked - VERY GOOD Condition,217.99,232.99,Shipping info unavailable,https://www.ebay.com/itm/225936656368?_trkparms=5373%3A5000006400%7C5374%3ATech%7C5079%3A5000006400,6.44
2025-11-02 11:18:20,"1 Year Warranty 2019 Apple iPad 7 WiFi Only 32GB 10.2"" (Space Gray) - A2197",88.35,329.0,Shipping info unavailable,https://www.ebay.com/itm/353900366114?_trkparms=5373%3A5000006400%7C5374%3ATech%7C5079%3A5000006400,73.15
2025-11-02 11:18:20,"Microsoft Xbox Wireless Controller For Xbox Series X / S, Xbox One & Windows PC",43.49,70.0,Shipping info unavailable,https://www.ebay.com/itm/275287871839?_trkparms=5373%3A5000006400%7C5374%3ATech%7C5079%3A5000006400,37.87
2025-11-02 11:18:21,DJI FPV Combo and FPV Backpack -Certified Refurbished,799.0,1299.0,Shipping info unavailable,https://www.ebay.com/itm/304925257317?_trkparms=5373%3A5000006400%7C5374%3ATech%7C5079%3A5000006400,38.49
2025-11-02 11:18:21,Samsung Galaxy Watch6 Classic 47mm R960N GPS - Excellent,97.99,339.99,Shipping info unavailable,https://www.ebay.com/itm/256656690040?_trkparms=5373%3A5000006400%7C5374%3ATech%7C5079%3A5000006400,71.18
2025-11-02 11:18:21,Apple Watch Series SE (2nd Gen) 40mm GPS + WiFi + Bluetooth Very Good Condition,111.79,299.99,Shipping info unavailable,https://www.ebay.com/itm/404470169704?_trkparms=5373%3A5000006400%7C5374%3ATech%7C5079%3A5000006400,62.74
2025-11-02 11:18:22,"Apple iPhone 7 PLUS 5.5"" GSM Factory Unlocked SmartPhone 32GB/128GB/256GB Good",69.99,650.0,Shipping info unavailable,https://www.ebay.com/itm/192666024808?_trkparms=5373%3A5000006400%7C5374%3ATech%7C5079%3A5000006400,89.23
2025-11-02 11:18:22,"Bose QuietComfort Ultra Noise Cancelling Earbuds, Certified Refurbished",159.0,249.0,Free shipping,https://www.ebay.com/itm/186465664855?_trkparms=5373%3A5000006400%7C5374%3ATech%7C5079%3A5000006400,36.14
2025-11-02 11:18:22,JBL PartyBox Stage 320 Illuminated LED Wireless Bluetooth Speaker - Black,375.99,599.99,Free shipping,https://www.ebay.com/itm/157359929835?_trkparms=5373%3A5000006400%7C5374%3ATech%7C5079%3A5000006400,37.33
2025-11-02 11:18:23,"HP Omen 16"" WQXGA IPS 240Hz RTX 5070 Ultra 9 285H Gaming Laptop 16GB RAM 1TB SSD",1399.99,1849.99,Free shipping,https://www.ebay.com/itm/297474804193?_trkparms=5373%3A5000006400%7C5374%3ATech%7C5079%3A5000006400,24.32
2025-11-02 11:18:23,Samsung Galaxy S24 128GB S921U Unlocked - Excellent,325.99,799.99,Free shipping,https://www.ebay.com/itm/256496745168?_trkparms=5373%3A5000006400%7C5374%3ATech%7C5079%3A5000006400,59.25
2025-11-02 11:18:23,"15.6"" Lenovo ThinkPad Laptop: Intel i5! 16GB RAM! 256GB SSD! Zorin Core Edition!",147.95,247.95,Free shipping,https://www.ebay.com/itm/116511649267?_trkparms=5373%3A5000006400%7C5374%3ATech%7C5079%3A5000006400,40.33
2025-11-02 11:18:24,Sony BRAVIA 8 II 65 inch Class QD-OLED 4K HDR Google TV 2025,2659.0,3998.0,Free shipping,https://www.ebay.com/itm/336030867778?_trkparms=5373%3A5000006400%7C5374%3ATech%7C5079%3A5000006400,33.49
2025-11-02 11:18:24,Apple iPhone 14 Pro A2650 (Fully Unlocked) 128GB Deep Purple (Excellent),405.99,1099.0,Free shipping,https://www.ebay.com/itm/286883274280?_trkparms=5373%3A5000006400%7C5374%3ATech%7C5079%3A5000006423,63.06
2025-11-02 11:18:24,Apple iPhone 13 A2482 128GB - Fully Unlocked- Black & Blue - Very Good Condition,265.0,265.0,Free shipping,https://www.ebay.com/itm/127083143769?_trkparms=5373%3A5000006400%7C5374%3ATech%7C5079%3A5000006423,0.0
2025-11-02 11:18:24,Samsung Galaxy S25+ PLUS SM-S936U1 256GB 512GB FACTORY UNLOCKED,599.0,599.0,Free shipping,https://www.ebay.com/itm/127100653669?_trkparms=5373%3A5000006400%7C5374%3ATech%7C5079%3A5000006423,0.0
2025-11-02 11:18:25,Apple iPhone 14 Pro Silver 256GB Good - Refurbished - Unlocked,454.99,454.99,Free shipping,https://www.ebay.com/itm/127244140439?_trkparms=5373%3A5000006400%7C5374%3ATech%7C5079%3A5000006423,0.0
2025-11-02 11:18:25,,,,Shipping info unavailable,https://www.ebay.com/deals/tech/cell-phones,
2025-11-02 11:18:25,"Acer Nitro V 15.6"" Gaming Laptop NVIDIA RTX 4060 Core i9 - Certified Refurbished",919.99,1049.99,Free shipping,https://www.latest.ebay.com/itm/267229769086?src=urllib&_trkparms=5373%3A5000006400%7C5374%3ATech%7C5079%3A5000006407,12.38
2025-11-02 11:18:25,"Apple MacBook Pro 16"" 2023 M3 Pro 512GB 18GB RAM Space Black - Very Good",1294.99,1294.99,Free shipping,https://www.latest.ebay.com/itm/157138988493?src=urllib&_trkparms=5373%3A5000006400%7C5374%3ATech%7C5079%3A5000006407,0.0
2025-11-02 11:18:26,"Apple MacBook Pro 16"" 2023 M3 Pro All Colors Storage RAM - Very Good",1294.99,1294.99,Free shipping,https://www.latest.ebay.com/itm/157242142098?src=urllib&_trkparms=5373%3A5000006400%7C5374%3ATech%7C5079%3A5000006407,0.0
2025-11-02 11:18:26,"Apple MacBook Pro 16"" 2023 M3 Max Silver Black 32GB 48GB RAM 1TB 2TB SSD - Good",2322.99,2322.99,Free shipping,https://www.latest.ebay.com/itm/167745573294?src=urllib&_trkparms=5373%3A5000006400%7C5374%3ATech%7C5079%3A5000006407,0.0
2025-11-02 11:18:26,,,,Shipping info unavailable,https://www.ebay.com/deals/tech/laptops-netbooks,
2025-11-02 11:18:26,XGIMI MoGo 2 Pro 1080P Portable Projector Mini Projector with 400 ISO Lumens,219.0,219.0,Free shipping,https://www.latest.ebay.com/itm/317172582509?src=urllib&_trkparms=5373%3A5000006400%7C5374%3ATech%7C5079%3A5000006409,0.0
2025-11-02 11:18:26,XGIMI MoGo 2 Pro 1080P Portable Projector Mini Projector with 400 ISO Lumens,234.99,234.99,Free shipping,https://www.latest.ebay.com/itm/314792480218?src=urllib&_trkparms=5373%3A5000006400%7C5374%3ATech%7C5079%3A5000006409,0.0
2025-11-02 11:18:27,"XGIMI MoGo 3 Pro 1080P Portable Projector, Google TV with Licensed Netflix",349.0,349.0,Free shipping,https://www.latest.ebay.com/itm/316115270330?src=urllib&_trkparms=5373%3A5000006400%7C5374%3ATech%7C5079%3A5000006409,0.0
2025-11-02 11:18:27,"Westinghouse 32"" 720P HD Smart Roku TV WR32HT2212",84.0,169.99,Free shipping,https://www.latest.ebay.com/itm/235022919530?src=urllib&_trkparms=5373%3A5000006400%7C5374%3ATech%7C5079%3A5000006409,50.59
2025-11-02 11:18:27,,,,Shipping info unavailable,https://www.ebay.com/deals/tech/tv-video-home-audio,
2025-11-02 11:18:27,SVBONY MK127 Telescope Maksutov-Cassegrain 127mm for Planetary Observation,479.99,533.32,Free shipping,https://www.latest.ebay.com/itm/197423012127?src=urllib&_trkparms=5373%3A5000006400%7C5374%3ATech%7C5079%3A5000006430,10.0
2025-11-02 11:18:28,"SVBONY SV241 Pro Astronomical Telescope Power HUB USB Control, Astrophotography",169.99,242.84,Free shipping,https://www.latest.ebay.com/itm/177370794681?src=urllib&_trkparms=5373%3A5000006400%7C5374%3ATech%7C5079%3A5000006430,30.0
2025-11-02 11:18:28,DJI FPV Combo - Certified Refurbished,719.1,1299.0,Free shipping,https://www.latest.ebay.com/itm/305259444032?src=urllib&_trkparms=5373%3A5000006400%7C5374%3ATech%7C5079%3A5000006430,44.64
2025-11-02 11:18:28,DJI Mavic 3 Pro with DJI RC Triple-Camera Certified Refurbished,2339.1,2339.1,Free shipping,https://www.latest.ebay.com/itm/306028198306?src=urllib&_trkparms=5373%3A5000006400%7C5374%3ATech%7C5079%3A5000006430,0.0
2025-11-02 11:18:28,,,,Shipping info unavailable,https://www.ebay.com/deals/tech/cameras-photo,
2025-11-02 11:18:28,"Microsoft Xbox Wireless Controller For Xbox Series X / S, Xbox One & Windows PC",43.49,70.0,Free shipping,https://www.latest.ebay.com/itm/275287871839?src=urllib&_trkparms=5373%3A5000006400%7C5374%3ATech%7C5079%3A5000006401,37.87
2025-11-02 11:18:29,"Logitech - PRO X 2 LIGHTSPEED Wireless Gaming Headset for PC, PS5, PS4,",119.99,279.99,Free shipping,https://www.latest.ebay.com/itm/167017920229?src=urllib&_trkparms=5373%3A5000006400%7C5374%3ATech%7C5079%3A5000006401,57.14
2025-11-02 11:18:29,Pokemon Shining Pearl - Nintendo Switch,39.99,59.99,Free shipping,https://www.latest.ebay.com/itm/406288206525?src=urllib&_trkparms=5373%3A5000006400%7C5374%3ATech%7C5079%3A5000006401,33.34
2025-11-02 11:18:29,FosPower Braided Toslink Digital Fiber Optic Optical Audio Cable SPDIF Dolby DTS,24.99,24.99,Free shipping,https://www.latest.ebay.com/itm/291374530489?src=urllib&_trkparms=5373%3A5000006400%7C5374%3ATech%7C5079%3A5000006401,0.0
2025-11-02 11:18:30,,,,Shipping info unavailable,https://www.ebay.com/deals/tech/video-games-consoles,
2025-11-02 11:18:30,Apple iPad Pro 13-inch 7th gen M4 Chip 512GB WiFi - Black or Silver - Good,919.86,1699.85,Free shipping,https://www.latest.ebay.com/itm/187028223989?src=urllib&_trkparms=5373%3A5000006400%7C5374%3ATech%7C5079%3A5000006415,45.89
2025-11-02 11:18:30,"Apple iPad Air 10.9"" 4th Gen, 64GB, Wi-Fi - VERY GOOD - 1 YEAR WARRANTY",229.86,659.85,Free shipping,https://www.latest.ebay.com/itm/175242586112?src=urllib&_trkparms=5373%3A5000006400%7C5374%3ATech%7C5079%3A5000006415,65.16
2025-11-02 11:18:30,"Apple iPad Air 10.9"" 4th Gen, 64GB, Wi-Fi + 4G - Very Good - 1 YEAR WARRANTY",248.26,689.85,Free shipping,https://www.latest.ebay.com/itm/175245221135?src=urllib&_trkparms=5373%3A5000006400%7C5374%3ATech%7C5079%3A5000006415,64.01
2025-11-02 11:18:31,"Apple iPad Air 10.9"" 4th Gen 2020, 64GB, Wi-Fi - GOOD - 1 YEAR WARRANTY",220.66,649.85,Free shipping,https://www.latest.ebay.com/itm/203915852886?src=urllib&_trkparms=5373%3A5000006400%7C5374%3ATech%7C5079%3A5000006415,66.04
2025-11-02 11:18:31,,,,Shipping info unavailable,https://www.ebay.com/deals/tech/ipads-tablets-ereaders,
2025-11-02 11:18:31,Sony WF-1000XM5 Truly Wireless Bluetooth Noise Canceling Headphones - Black,139.99,299.99,Free shipping,https://www.latest.ebay.com/itm/276015021037?src=urllib&_trkparms=5373%3A5000006400%7C5374%3ATech%7C5079%3A5000006419,53.34
2025-11-02 11:18:31,Skullcandy Push Active True Wireless Earbuds-Black/Orange(Certified Refurbished),30.93,79.99,Free shipping,https://www.latest.ebay.com/itm/265551837873?src=urllib&_trkparms=5373%3A5000006400%7C5374%3ATech%7C5079%3A5000006419,61.33
2025-11-02 11:18:32,Apple AirPods 2nd Gen Genuine Replacement Right or Left or Charging Case,15.49,15.49,Free shipping,https://www.latest.ebay.com/itm/115878536964?src=urllib&_trkparms=5373%3A5000006400%7C5374%3ATech%7C5079%3A5000006419,0.0
2025-11-02 11:18:32,Apple AirPods 3rd Gen Genuine Replacement Right or Left or Charging Case,34.49,34.49,Free shipping,https://www.latest.ebay.com/itm/126693283302?src=urllib&_trkparms=5373%3A5000006400%7C5374%3ATech%7C5079%3A5000006419,0.0
2025-11-02 11:18:32,,,,Shipping info unavailable,https://www.ebay.com/deals/tech/phone-cases-accessories,
2025-11-02 11:18:32,Netac 1TB 2TB 512GB Internal SSD 2.5'' SATA III 6Gb/s Solid State Drive lot,13.99,13.99,Free shipping,https://www.ebay.com/itm/314555594439?_trkparms=5373%3A5000006400%7C5374%3ATech%7C5079%3A5000006421,0.0
2025-11-02 11:18:32,WD 28TB My Book Duo Desktop RAID Hard Drive HDD - WDBFBE0280JBK-NESN,699.99,789.99,Free shipping,https://www.ebay.com/itm/296118852230?_trkparms=5373%3A5000006400%7C5374%3ATech%7C5079%3A5000006421,11.39
2025-11-02 11:18:33,WD 20TB WD Gold Enterprise Class SATA HDD Internal Hard Drive HDD - WD202KRYZ,379.99,419.99,Free shipping,https://www.ebay.com/itm/297401321463?_trkparms=5373%3A5000006400%7C5374%3ATech%7C5079%3A5000006421,9.52
2025-11-02 11:18:33,Western Digital 22TB WD My Book External Hard Drive HDD - WDBBGB0220HBK-NESN,399.99,469.99,Free shipping,https://www.ebay.com/itm/296118852180?_trkparms=5373%3A5000006400%7C5374%3ATech%7C5079%3A5000006421,14.89
2025-11-02 11:18:33,,,,Shipping info unavailable,https://www.ebay.com/deals/tech/memory-drives-storage,
2025-11-02 11:18:33,Bose QuietComfort 45 QC45 Noise Cancelling Wireless Bluetooth Headphone - Black,159.0,159.0,Free shipping,https://www.latest.ebay.com/itm/376266545408?src=urllib&_trkparms=5373%3A5000006400%7C5374%3ATech%7C5079%3A5000006403,0.0
2025-11-02 11:18:34,Apple AirPods 2nd Gen Genuine Replacement Right or Left or Charging Case,15.49,15.49,Free shipping,https://www.latest.ebay.com/itm/115878536964?src=urllib&_trkparms=5373%3A5000006400%7C5374%3ATech%7C5079%3A5000006403,0.0
2025-11-02 11:18:34,Apple 1st Gen AirPods Pro Genuine Replacement Right or Left or Charging Case,37.99,37.99,Free shipping,https://www.latest.ebay.com/itm/133684947904?src=urllib&_trkparms=5373%3A5000006400%7C5374%3ATech%7C5079%3A5000006403,0.0
2025-11-02 11:18:34,"Apple AirPods Pro 2nd Gen - Left, Right, or Case - Models 2699/2698/2700 GRADE B",25.99,25.99,Free shipping,https://www.latest.ebay.com/itm/375618346806?src=urllib&_trkparms=5373%3A5000006400%7C5374%3ATech%7C5079%3A5000006403,0.0
2025-11-02 11:18:34,,,,Shipping info unavailable,https://www.ebay.com/deals/tech/headphones-portable-audio,
2025-11-02 11:18:34,"DNP 4x6"" Print Pack for DS-40 Dye Sub Printer, 800 Glossy Prints",126.0,126.0,Free shipping,https://www.ebay.com/itm/373661270561?_trkparms=5373%3A5000006400%7C5374%3ATech%7C5079%3A5000006417,0.0
2025-11-02 11:18:35,"HP OfficeJet Pro 9125e AIO Printer 2.7” Color Touchscreen Print, Scan, Copy, Fax",159.99,409.99,Free shipping,https://www.ebay.com/itm/376283831429?_trkparms=5373%3A5000006400%7C5374%3ATech%7C5079%3A5000006417,60.98
2025-11-02 11:18:35,Canon imagePROGRAF Professional PRO 310 Black Wireless Inkjet Photo Printer,971.0,1099.0,Free shipping,https://www.ebay.com/itm/297147074911?_trkparms=5373%3A5000006400%7C5374%3ATech%7C5079%3A5000006417,11.65
2025-11-02 11:18:35,Canon Maxify GX4020 Wireless Versatile MegaTank Compact All In One Color Printer,539.0,539.0,Free shipping,https://www.ebay.com/itm/285917002255?_trkparms=5373%3A5000006400%7C5374%3ATech%7C5079%3A5000006417,0.0
2025-11-02 11:18:35,,,,Shipping info unavailable,https://www.ebay.com/itm/285167584950?_trkparms=5373%3A5000006400%7C5374%3ATech%7C5079%3A5000006417,
2025-11-02 11:18:35,"REDTIGER Dash Camera 4K Front and Rear Dash Cam Built-In WiFi & GPS, App control",64.49,129.49,Free shipping,https://www.ebay.com/itm/285933024479?_trkparms=5373%3A5000006400%7C5374%3ATech%7C5079%3A5000006432,50.2
2025-11-02 11:18:36,X7 HD 24V 12V Diesel Heavy Duty Truck Scanner E-CU Coding All System DPF Regen,674.99,899.99,Free shipping,https://www.ebay.com/itm/154567834067?_trkparms=5373%3A5000006400%7C5374%3ATech%7C5079%3A5000006432,25.0
2025-11-02 11:18:36,REDTIGER 4K Dash Cam Front and Rear Dual Dash Camera WIFI&GPS With 32GB SD Card,64.49,129.49,Free shipping,https://www.ebay.com/itm/285048811560?_trkparms=5373%3A5000006400%7C5374%3ATech%7C5079%3A5000006432,50.2
2025-11-02 11:18:36,2025 Thinkscan Plus S7 Car OBD2 Scanner Auto Diagnostic Tool ABS SRS BCM IC AC,119.99,189.99,Free shipping,https://www.ebay.com/itm/394131576153?_trkparms=5373%3A5000006400%7C5374%3ATech%7C5079%3A5000006432,36.84
2025-11-02 11:18:37,,,,Shipping info unavailable,https://www.ebay.com/deals/tech/vehicle-electronics-gps,
2025-11-02 11:18:37,Canon EF 200mm f2.8 L II USM Lens #Q,400.7,430.86,Free shipping,https://www.latest.ebay.com/itm/146853896899?src=urllib&_trkparms=5373%3A5000006400%7C5374%3ATech%7C5079%3A5000006425,7.0
2025-11-02 11:18:37,Canon Mount Adapter EF-EOS R for Canon EF/EF-S Lens to EOS R Camera,119.95,119.95,Free shipping,https://www.latest.ebay.com/itm/323762011186?src=urllib&_trkparms=5373%3A5000006400%7C5374%3ATech%7C5079%3A5000006425,0.0
2025-11-02 11:18:37,Canon RF 24-70mm f/2.8L IS USM Lens,2099.95,2299.0,Free shipping,https://www.latest.ebay.com/itm/324021848741?src=urllib&_trkparms=5373%3A5000006400%7C5374%3ATech%7C5079%3A5000006425,8.66
2025-11-02 11:18:37,Fujifilm XF 16-80mm f/4 R OIS WR Lens,549.95,799.0,Free shipping,https://www.latest.ebay.com/itm/326577238364?src=urllib&_trkparms=5373%3A5000006400%7C5374%3ATech%7C5079%3A5000006425,31.17
2025-11-02 11:18:38,,,,Shipping info unavailable,https://www.ebay.com/deals/tech/lenses-filters,
2025-11-02 11:18:38,ECO-WORTHY 2Pcs 14kWh 48V 280AH LiFePO4 Battery Vertical Standing Solar Backup,3999.99,3999.99,Free shipping,https://www.ebay.com/itm/396907709023?_trkparms=5373%3A5000006400%7C5374%3ATech%7C5079%3A5000006413,0.0
2025-11-02 11:18:38,Reolink 5MP 16 Channel 4TB NVR Kit Outdoor PoE DIY CCTV Security Camera System,535.0,535.0,Free shipping,https://www.ebay.com/itm/134064490040?_trkparms=5373%3A5000006400%7C5374%3ATech%7C5079%3A5000006413,0.0
2025-11-02 11:18:38,ECO-WORTHY 14kWh 48V 280AH LiFePO4 Battery Vertical Standing Solar Backup 1pack,2199.99,2199.99,Free shipping,https://www.ebay.com/itm/396907705926?_trkparms=5373%3A5000006400%7C5374%3ATech%7C5079%3A5000006413,0.0
2025-11-02 11:18:38,"REDTIGER Dash Camera 4K Front and Rear Dash Cam Built-In WiFi & GPS, App control",64.49,129.49,Free shipping,https://www.ebay.com/itm/285933024479?_trkparms=5373%3A5000006400%7C5374%3ATech%7C5079%3A5000006413,50.2
2025-11-02 11:18:39,,,,Shipping info unavailable,https://www.ebay.com/deals/tech/more-consumer-electronics,
2025-11-02 11:18:39,Vera Bradley Outlet Large Tech Sleeve,23.7,59.0,Free shipping,https://www.ebay.com/itm/365926632547?_trkparms=5373%3A5000006400%7C5374%3ATech%7C5079%3A5000006427,59.83
2025-11-02 11:18:39,Vera Bradley Outlet Essential Cord Organizer,19.5,45.0,Free shipping,https://www.ebay.com/itm/365926632765?_trkparms=5373%3A5000006400%7C5374%3ATech%7C5079%3A5000006427,56.67
2025-11-02 11:18:39,Vera Bradley Outlet Laptop Crossbody,38.7,109.0,Free shipping,https://www.ebay.com/itm/365926632755?_trkparms=5373%3A5000006400%7C5374%3ATech%7C5079%3A5000006427,64.5
2025-11-02 11:18:40,Vera Bradley Women's Outlet Ultralight Essential Cord Organizer NWT,23.7,59.0,Free shipping,https://www.ebay.com/itm/365930191727?_trkparms=5373%3A5000006400%7C5374%3ATech%7C5079%3A5000006427,59.83
2025-11-02 11:18:40,,,,Shipping info unavailable,https://www.ebay.com/deals/tech/computer-accessories,
2025-11-02 11:18:40,Apple iPhone 14 Pro A2650 (Fully Unlocked) 128GB Deep Purple (Excellent),405.99,1099.0,Free shipping,https://www.ebay.com/itm/286883274280?_trkparms=5373%3A5000006400%7C5374%3ATech%7C5079%3A5000006411,63.06
2025-11-02 11:18:40,Sony WF-1000XM5 Truly Wireless Bluetooth Noise Canceling Headphones - Black,139.99,299.99,Free shipping,https://www.ebay.com/itm/276015021037?_trkparms=5373%3A5000006400%7C5374%3ATech%7C5079%3A5000006411,53.34
2025-11-02 11:18:40,Skullcandy Push Active True Wireless Earbuds-Black/Orange(Certified Refurbished),30.93,79.99,Free shipping,https://www.ebay.com/itm/265551837873?_trkparms=5373%3A5000006400%7C5374%3ATech%7C5079%3A5000006411,61.33
2025-11-02 11:18:41,Apple AirPods 2nd Gen Genuine Replacement Right or Left or Charging Case,15.49,15.49,Free shipping,https://www.ebay.com/itm/115878536964?_trkparms=5373%3A5000006400%7C5374%3ATech%7C5079%3A5000006411,0.0
2025-11-02 11:18:41,,,,Shipping info unavailable,https://www.ebay.com/deals/tech/more-cell-phones-accessories,
2025-11-02 11:18:41,"Refurbished HUION Kamvas 13 (Gen 3) 13.3"" Graphic Tablet Pen Display PenTech4.0",189.0,189.0,Free shipping,https://www.ebay.com/itm/335778622198?_trkparms=5373%3A5000006400%7C5374%3ATech%7C5079%3A5000006405,0.0
2025-11-02 11:18:41,Huion KAMVAS 22 Graphics Drawing Tablet with Screen OTG Certified Refurbished,298.9,449.0,Free shipping,https://www.ebay.com/itm/234028480288?_trkparms=5373%3A5000006400%7C5374%3ATech%7C5079%3A5000006405,33.43
2025-11-02 11:18:42,Refurbished HUION KAMVAS PRO 16 Graphic Drawing Monitor Pen Display+Touch Bar,234.5,379.0,Free shipping,https://www.ebay.com/itm/336080166779?_trkparms=5373%3A5000006400%7C5374%3ATech%7C5079%3A5000006405,38.13
2025-11-02 11:18:42,XP-Pen Artist 24 Pro Gen2 4K Graphics Drawing Tablet Full Lamination 16384 △E ＜1,883.99,1299.99,Free shipping,https://www.ebay.com/itm/396360742557?_trkparms=5373%3A5000006400%7C5374%3ATech%7C5079%3A5000006405,32.0
2025-11-02 11:18:42,,,,Shipping info unavailable,https://www.ebay.com/deals/tech/more-computer-accessories,
2025-11-02 11:20:37,Samsung Galaxy S22 Ultra 128GB 256GB S908U Unlocked Smartphone - Good,249.99,249.99,Shipping info unavailable,https://www.ebay.com/itm/157238959320?_trkparms=5373%3A5000006400%7C5374%3ATech%7C5079%3A5000006423,0.0
2025-11-02 11:20:37,"Acer Nitro V 15.6"" Gaming Laptop NVIDIA RTX 4060 Core i9 - Certified Refurbished",919.99,1049.99,Shipping info unavailable,https://www.ebay.com/itm/267229769086?_trkparms=5373%3A5000006400%7C5374%3ATech%7C5079%3A5000006407,12.38
2025-11-02 11:20:38,"Apple MacBook Pro 16"" 2023 M3 Pro 512GB 18GB RAM Space Black - Very Good",1294.99,1294.99,Shipping info unavailable,https://www.ebay.com/itm/157138988493?_trkparms=5373%3A5000006400%7C5374%3ATech%7C5079%3A5000006407,0.0
2025-11-02 11:20:38,"Apple MacBook Pro 16"" 2023 M3 Pro All Colors Storage RAM - Very Good",1294.99,1294.99,Shipping info unavailable,https://www.ebay.com/itm/157242142098?_trkparms=5373%3A5000006400%7C5374%3ATech%7C5079%3A5000006407,0.0
2025-11-02 11:20:38,"Apple MacBook Pro 16"" 2023 M3 Max Silver Black 32GB 48GB RAM 1TB 2TB SSD - Good",2322.99,2322.99,Shipping info unavailable,https://www.ebay.com/itm/167745573294?_trkparms=5373%3A5000006400%7C5374%3ATech%7C5079%3A5000006407,0.0
2025-11-02 11:20:38,"Apple MacBook Pro 13"" 2022 M2 Space Gray Silver All Storage All RAM - Good",629.99,629.99,Shipping info unavailable,https://www.ebay.com/itm/167280719887?_trkparms=5373%3A5000006400%7C5374%3ATech%7C5079%3A5000006407,0.0
2025-11-02 11:20:39,XGIMI MoGo 2 Pro 1080P Portable Projector Mini Projector with 400 ISO Lumens,219.0,219.0,Shipping info unavailable,https://www.ebay.com/itm/317172582509?_trkparms=5373%3A5000006400%7C5374%3ATech%7C5079%3A5000006409,0.0
2025-11-02 11:20:39,XGIMI MoGo 2 Pro 1080P Portable Projector Mini Projector with 400 ISO Lumens,234.99,234.99,Shipping info unavailable,https://www.ebay.com/itm/314792480218?_trkparms=5373%3A5000006400%7C5374%3ATech%7C5079%3A5000006409,0.0
2025-11-02 11:20:39,"XGIMI MoGo 3 Pro 1080P Portable Projector, Google TV with Licensed Netflix",349.0,349.0,Shipping info unavailable,https://www.ebay.com/itm/316115270330?_trkparms=5373%3A5000006400%7C5374%3ATech%7C5079%3A5000006409,0.0
2025-11-02 11:20:39,"Westinghouse 32"" 720P HD Smart Roku TV WR32HT2212",84.0,169.99,Shipping info unavailable,https://www.ebay.com/itm/235022919530?_trkparms=5373%3A5000006400%7C5374%3ATech%7C5079%3A5000006409,50.59
2025-11-02 11:20:40,"Hisense C2 4K Triple Laser Smart Mini Projector, Black - Certified Refurbished",1299.99,1999.99,Shipping info unavailable,https://www.ebay.com/itm/136565741666?_trkparms=5373%3A5000006400%7C5374%3ATech%7C5079%3A5000006409,35.0
2025-11-02 11:20:40,SVBONY MK127 Telescope Maksutov-Cassegrain 127mm for Planetary Observation,479.99,533.32,Shipping info unavailable,https://www.ebay.com/itm/197423012127?_trkparms=5373%3A5000006400%7C5374%3ATech%7C5079%3A5000006430,10.0
2025-11-02 11:20:40,"SVBONY SV241 Pro Astronomical Telescope Power HUB USB Control, Astrophotography",169.99,242.84,Shipping info unavailable,https://www.ebay.com/itm/177370794681?_trkparms=5373%3A5000006400%7C5374%3ATech%7C5079%3A5000006430,30.0
2025-11-02 11:20:40,DJI FPV Combo - Certified Refurbished,719.1,1299.0,Shipping info unavailable,https://www.ebay.com/itm/305259444032?_trkparms=5373%3A5000006400%7C5374%3ATech%7C5079%3A5000006430,44.64
2025-11-02 11:20:41,DJI Mavic 3 Pro with DJI RC Triple-Camera Certified Refurbished,2339.1,2339.1,Shipping info unavailable,https://www.ebay.com/itm/306028198306?_trkparms=5373%3A5000006400%7C5374%3ATech%7C5079%3A5000006430,0.0
2025-11-02 11:20:41,DJI Mini 4 Pro Fly More Vlogger Combo Drone with DJI RC - Certified Refurbished,1399.0,1399.0,Shipping info unavailable,https://www.ebay.com/itm/305806981195?_trkparms=5373%3A5000006400%7C5374%3ATech%7C5079%3A5000006430,0.0
2025-11-02 11:20:41,"Microsoft Xbox Wireless Controller For Xbox Series X / S, Xbox One & Windows PC",43.49,70.0,Shipping info unavailable,https://www.ebay.com/itm/275287871839?_trkparms=5373%3A5000006400%7C5374%3ATech%7C5079%3A5000006401,37.87
2025-11-02 11:20:41,"Logitech - PRO X 2 LIGHTSPEED Wireless Gaming Headset for PC, PS5, PS4,",119.99,279.99,Shipping info unavailable,https://www.ebay.com/itm/167017920229?_trkparms=5373%3A5000006400%7C5374%3ATech%7C5079%3A5000006401,57.14
2025-11-02 11:20:42,Pokemon Shining Pearl - Nintendo Switch,39.99,59.99,Shipping info unavailable,https://www.ebay.com/itm/406288206525?_trkparms=5373%3A5000006400%7C5374%3ATech%7C5079%3A5000006401,33.34
2025-11-02 11:20:42,FosPower Braided Toslink Digital Fiber Optic Optical Audio Cable SPDIF Dolby DTS,24.99,24.99,Shipping info unavailable,https://www.ebay.com/itm/291374530489?_trkparms=5373%3A5000006400%7C5374%3ATech%7C5079%3A5000006401,0.0
2025-11-02 11:20:42,Pikmin 3 Deluxe - Nintendo Switch,39.99,59.99,Shipping info unavailable,https://www.ebay.com/itm/406203090942?_trkparms=5373%3A5000006400%7C5374%3ATech%7C5079%3A5000006401,33.34
2025-11-02 11:20:42,Apple iPad Pro 13-inch 7th gen M4 Chip 512GB WiFi - Black or Silver - Good,919.86,1699.85,Shipping info unavailable,https://www.ebay.com/itm/187028223989?_trkparms=5373%3A5000006400%7C5374%3ATech%7C5079%3A5000006415,45.89
2025-11-02 11:20:43,"Apple iPad Air 10.9"" 4th Gen, 64GB, Wi-Fi - VERY GOOD - 1 YEAR WARRANTY",229.86,659.85,Shipping info unavailable,https://www.ebay.com/itm/175242586112?_trkparms=5373%3A5000006400%7C5374%3ATech%7C5079%3A5000006415,65.16
2025-11-02 11:20:43,"Apple iPad Air 10.9"" 4th Gen, 64GB, Wi-Fi + 4G - Very Good - 1 YEAR WARRANTY",248.26,689.85,Shipping info unavailable,https://www.ebay.com/itm/175245221135?_trkparms=5373%3A5000006400%7C5374%3ATech%7C5079%3A5000006415,64.01
2025-11-02 11:20:43,"Apple iPad Air 10.9"" 4th Gen 2020, 64GB, Wi-Fi - GOOD - 1 YEAR WARRANTY",220.66,649.85,Shipping info unavailable,https://www.ebay.com/itm/203915852886?_trkparms=5373%3A5000006400%7C5374%3ATech%7C5079%3A5000006415,66.04
2025-11-02 11:20:44,"Apple iPad Air 10.9"" 4th Gen, 64GB, Wi-Fi + 4G Unlocked - GOOD - 1 YEAR WARRANTY",248.26,679.85,Shipping info unavailable,https://www.ebay.com/itm/185391166709?_trkparms=5373%3A5000006400%7C5374%3ATech%7C5079%3A5000006415,63.48
2025-11-02 11:20:44,Sony WF-1000XM5 Truly Wireless Bluetooth Noise Canceling Headphones - Black,139.99,299.99,Shipping info unavailable,https://www.ebay.com/itm/276015021037?_trkparms=5373%3A5000006400%7C5374%3ATech%7C5079%3A5000006419,53.34
2025-11-02 11:20:44,Skullcandy Push Active True Wireless Earbuds-Black/Orange(Certified Refurbished),30.93,79.99,Shipping info unavailable,https://www.ebay.com/itm/265551837873?_trkparms=5373%3A5000006400%7C5374%3ATech%7C5079%3A5000006419,61.33
2025-11-02 11:20:44,Apple AirPods 2nd Gen Genuine Replacement Right or Left or Charging Case,15.49,15.49,Shipping info unavailable,https://www.ebay.com/itm/115878536964?_trkparms=5373%3A5000006400%7C5374%3ATech%7C5079%3A5000006419,0.0
2025-11-02 11:20:45,Apple AirPods 3rd Gen Genuine Replacement Right or Left or Charging Case,34.49,34.49,Shipping info unavailable,https://www.ebay.com/itm/126693283302?_trkparms=5373%3A5000006400%7C5374%3ATech%7C5079%3A5000006419,0.0
2025-11-02 11:20:45,Apple AirPods 2nd Gen Charging Case Authentic Apple Replacement,19.99,19.99,Shipping info unavailable,https://www.ebay.com/itm/133684947872?_trkparms=5373%3A5000006400%7C5374%3ATech%7C5079%3A5000006419,0.0
2025-11-02 11:20:46,WD_BLACK 6TB P10 Game Drive for Xbox Portable Hard Drive HDD-WDBZRG0060BBK-WESN,159.99,179.99,Shipping info unavailable,https://www.ebay.com/itm/296726667776?_trkparms=5373%3A5000006400%7C5374%3ATech%7C5079%3A5000006421,11.11
2025-11-02 11:20:46,Bose QuietComfort 45 QC45 Noise Cancelling Wireless Bluetooth Headphone - Black,159.0,159.0,Shipping info unavailable,https://www.ebay.com/itm/376266545408?_trkparms=5373%3A5000006400%7C5374%3ATech%7C5079%3A5000006403,0.0
2025-11-02 11:20:47,Apple AirPods 2nd Gen Genuine Replacement Right or Left or Charging Case,15.49,15.49,Shipping info unavailable,https://www.ebay.com/itm/115878536964?_trkparms=5373%3A5000006400%7C5374%3ATech%7C5079%3A5000006403,0.0
2025-11-02 11:20:47,Apple 1st Gen AirPods Pro Genuine Replacement Right or Left or Charging Case,37.99,37.99,Shipping info unavailable,https://www.ebay.com/itm/133684947904?_trkparms=5373%3A5000006400%7C5374%3ATech%7C5079%3A5000006403,0.0
2025-11-02 11:20:47,"Apple AirPods Pro 2nd Gen - Left, Right, or Case - Models 2699/2698/2700 GRADE B",25.99,25.99,Shipping info unavailable,https://www.ebay.com/itm/375618346806?_trkparms=5373%3A5000006400%7C5374%3ATech%7C5079%3A5000006403,0.0
2025-11-02 11:20:47,Soundcore Liberty 4 SE True Wireless Earbuds Heart Rate Sensor Noise Cancelling,49.99,149.99,Shipping info unavailable,https://www.ebay.com/itm/385693088002?_trkparms=5373%3A5000006400%7C5374%3ATech%7C5079%3A5000006403,66.67
2025-11-02 11:20:50,"REDTIGER F17 4K Dash Cam 5G WiFi 3 Channel ,Front and Rear Inside, 64GB SD Card",89.89,149.89,Shipping info unavailable,https://www.ebay.com/itm/285949275839?_trkparms=5373%3A5000006400%7C5374%3ATech%7C5079%3A5000006432,40.03
2025-11-02 11:20:50,Canon EF 200mm f2.8 L II USM Lens #Q,400.7,430.86,Shipping info unavailable,https://www.ebay.com/itm/146853896899?_trkparms=5373%3A5000006400%7C5374%3ATech%7C5079%3A5000006425,7.0
2025-11-02 11:20:50,Canon Mount Adapter EF-EOS R for Canon EF/EF-S Lens to EOS R Camera,119.95,119.95,Shipping info unavailable,https://www.ebay.com/itm/323762011186?_trkparms=5373%3A5000006400%7C5374%3ATech%7C5079%3A5000006425,0.0
2025-11-02 11:20:51,Canon RF 24-70mm f/2.8L IS USM Lens,2099.95,2299.0,Shipping info unavailable,https://www.ebay.com/itm/324021848741?_trkparms=5373%3A5000006400%7C5374%3ATech%7C5079%3A5000006425,8.66
2025-11-02 11:20:51,Fujifilm XF 16-80mm f/4 R OIS WR Lens,549.95,799.0,Shipping info unavailable,https://www.ebay.com/itm/326577238364?_trkparms=5373%3A5000006400%7C5374%3ATech%7C5079%3A5000006425,31.17
2025-11-02 11:20:51,Nikon FTZ II Mount Adapter,219.95,249.95,Shipping info unavailable,https://www.ebay.com/itm/225049340356?_trkparms=5373%3A5000006400%7C5374%3ATech%7C5079%3A5000006425,12.0
2025-11-02 11:20:52,X7 HD 24V 12V Diesel Heavy Duty Truck Scanner E-CU Coding All System DPF Regen,674.99,899.99,Shipping info unavailable,https://www.ebay.com/itm/154567834067?_trkparms=5373%3A5000006400%7C5374%3ATech%7C5079%3A5000006413,25.0
2025-11-02 11:20:53,Vera Bradley Women's Outlet Ultralight Laptop Workstation Crossbody Bag NWT,41.7,119.0,Shipping info unavailable,https://www.ebay.com/itm/365930191290?_trkparms=5373%3A5000006400%7C5374%3ATech%7C5079%3A5000006427,64.96
2025-11-02 11:20:55,Apple AirPods 3rd Gen Genuine Replacement Right or Left or Charging Case,34.49,34.49,Shipping info unavailable,https://www.ebay.com/itm/126693283302?_trkparms=5373%3A5000006400%7C5374%3ATech%7C5079%3A5000006411,0.0
2025-11-02 11:20:56,"HUION KAMVAS 16 (Gen 3) Drawing Tablet with Screen 15.8"" PenTech 4.0 2.5K QHD",459.0,459.0,Shipping info unavailable,https://www.ebay.com/itm/235904746700?_trkparms=5373%3A5000006400%7C5374%3ATech%7C5079%3A5000006405,0.0
2025-11-02 11:20:56,Long Range AX3000 WiFi 6 Mesh Range Extender Outdoor Dual Band WiFi Router,169.99,339.98,Shipping info unavailable,https://www.ebay.com/itm/236148615994?_trkparms=5373%3A5000006400%7C5374%3ATech%7C5079%3A5000006405,50.0
